,Name
0,3-D Man
1,A-Bomb (HAS)
2,A.I.M.
3,Aaron Stack
4,Abomination (Emil Blonsky)
5,Abomination (Ultimate)
6,Absorbing Man
7,Abyss
8,Abyss (Age of Apocalypse)
9,Adam Destine
10,Adam Warlock
11,Aegis (Trey Rollins)
12,Agent Brand
13,Agent X (Nijo)
14,Agent Zero
15,Agents of Atlas
16,Aginar
17,Air-Walker (Gabriel Lan)
18,Ajak
19,Ajaxis
20,Akemi
21,Alain
22,Albert Cleary
23,Albion
24,Alex Power
25,Alex Wilder
26,Alexa Mendez
27,Alexander Pierce
28,Alice
29,Alicia Masters
30,Alpha Flight
31,Alpha Flight (Ultimate)
32,Alvin Maker
33,Amadeus Cho
34,Amanda Sefton
35,Amazoness
36,American Eagle (Jason Strongbow)
37,Amiko
38,Amora
39,Amphibian (Earth-712)
40,Amun
41,Ancient One
42,Ancient One (Ultimate)
43,Angel (Thomas Halloway)
44,Angel (Ultimate)
45,Angel (Warren Worthington III)
46,Angela (Aldrif Odinsdottir)
47,Anita Blake
48,Anne Marie Hoag
49,Annihilus
50,Anole
51,Ant-Man (Eric O'Grady)
52,Ant-Man (Scott Lang)
53,Anthem
54,Apocalypse
55,Apocalypse (Ultimate)
56,Aqueduct
57,Arachne
58,Ara√±a
59,Arcade
60,Arcana
61,Archangel
62,Arclight
63,Ares
64,Argent
65,Armadillo
66,Armor (Hisako Ichiki)
67,Armory
68,Arnim Zola
69,Arsenic
70,Artiee
71,Asgardian
72,Askew-Tronics
73,Asylum
74,Atlas (Team)
75,Aurora
76,Avalanche
77,Avengers
78,Avengers (Ultimate)
79,Azazel (Mutant)
80,Banshee
81,Banshee (Theresa Rourke)
82,Baron Strucker
83,Baron Zemo (Heinrich Zemo)
84,Baron Zemo (Helmut Zemo)
85,Baroness S'Bak
86,Barracuda
87,Bart Rozum
88,Bastion
89,Batroc the Leaper
90,Battering Ram
91,Beak
92,Beast
93,Beast (Earth-311)
94,Beast (Ultimate)
95,Becatron
96,Bedlam
97,Beef
98,Beetle (Abner Jenkins)
99,Ben Grimm
100,Ben Parker
101,Ben Reilly
102,Ben Urich
103,Bengal
104,Beta-Ray Bill
105,Betty Brant
106,Betty Ross
107,Beyonder
108,Bi-Beast
109,Big Bertha
110,Big Wheel
111,Bill Hollister
112,Bishop
113,Bishop (Ultimate)
114,Black Bird
115,Black Bolt
116,Black Bolt (Marvel War of Heroes)
117,Black Cat
118,Black Cat (Ultimate)
119,Black Crow
120,Black Knight (Sir Percy of Scandia)
121,Black Panther
122,Black Panther (Ultimate)
123,Black Queen
124,Black Tarantula
125,Black Tom
126,Black Widow
127,Black Widow (LEGO Marvel Super Heroes)
128,Black Widow (Ultimate)
129,Black Widow/Natasha Romanoff (MAA)
130,Blackheart
131,Blacklash
132,Blackout
133,Blade
134,Blastaar
135,Blazing Skull
136,Blindfold
137,Blink
138,Blizzard
139,Blob
140,Blob (Ultimate)
141,Blockbuster
142,Blok
143,Bloke
144,Blonde Phantom
145,Bloodaxe
146,Bloodscream
147,Bloodstorm
148,Bloodstrike
149,Blue Blade
150,Blue Marvel
151,Blue Shield
152,Blur
153,"Bob, Agent of Hydra"
154,Boom Boom
155,Boomer
156,Boomerang
157,Box
158,Bride of Nine Spiders (Immortal Weapons)
159,Bromley
160,Brood
161,Brother Voodoo
162,Brotherhood of Evil Mutants
163,Brotherhood of Mutants (Ultimate)
164,Bruce Banner
165,Brute
166,Bucky
167,Bug
168,Bulldozer
169,Bullseye
170,Bushwacker
171,Butterfly
172,Cable
173,Cable (Deadpool)
174,Cable (Marvel: Avengers Alliance)
175,Cable (Ultimate)
176,Cable (X-Men: Battle of the Atom)
177,Calamity
178,Caliban
179,Callisto
180,Callisto (Age of Apocalypse)
181,Calypso
182,Cammi
183,Cannonball
184,Cap'n Oz
185,Captain America
186,Captain America (House of M)
187,Captain America (LEGO Marvel Super Heroes)
188,Captain America (Marvel War of Heroes)
189,Captain America (Sam Wilson)
190,Captain America (Ultimate)
191,Captain America/Steve Rogers (MAA)
192,Captain Britain
193,Captain Britain (Ultimate)
194,Captain Cross
195,Captain Flint
196,Captain Marvel (Carol Danvers)
197,Captain Marvel (Genis-Vell)
198,Captain Marvel (Mar-Vell)
199,Captain Marvel (Monica Rambeau)
200,Captain Marvel (Phyla-Vell)
201,Captain Midlands
202,Captain Stacy
203,Captain Universe
204,Cardiac
205,Caretaker
206,Cargill
207,Carlie Cooper
208,Carmella Unuscione
209,Carnage
210,Carnage (Ultimate)
211,Carol Danvers
212,Carol Hines
213,Cassandra Nova
214,Catseye
215,Cecilia Reyes
216,Celestials
217,Centennial
218,Centurions
219,Cerebro
220,Cerise
221,Ch'od
222,Chamber
223,Chameleon
224,Champions
225,Changeling
226,Charles Xavier
227,Charlie Campion
228,Chase Stein
229,Chat
230,Chimera
231,Chores MacGillicudy
232,Christian Walker
233,Chronomancer
234,ClanDestine
235,Clea
236,Clea (Ultimate)
237,Clint Barton
238,Cloak
239,Cloud 9
240,Cobalt Man
241,Colleen Wing
242,Colonel America
243,Colossus
244,Colossus (Ultimate)
245,Confederates of the Curious
246,Constrictor
247,Contessa (Vera Vidal)
248,Controller
249,Cornelius
250,Corsair
251,Cosmo (dog)
252,Cottonmouth
253,Count Nefaria
254,Countess
255,Crimson Crusader
256,Crimson Dynamo
257,Crimson Dynamo (Iron Man 3 - The Official Game)
258,Crimson King
259,Crossbones
260,Crule
261,Crusher Hogan
262,Crusher Hogan (Ultimate)
263,Crystal
264,Cuckoo
265,Curt Conners
266,Cuthbert
267,Cyber
268,Cyclops
269,Cyclops (Ultimate)
270,Cyclops (X-Men: Battle of the Atom)
271,Cypher
272,D'Ken Neramani
273,Dagger
274,Daily Bugle
275,Daimon Hellstrom
276,Daken
277,Dakota North
278,Damage Control
279,Dani Moonstar
280,Danny Rand
281,Daredevil
282,Daredevil (LEGO Marvel Super Heroes)
283,Daredevil (Marvel Heroes)
284,Daredevil (Ultimate)
285,Dargo Ktor
286,Dark Avengers
287,Dark Beast
288,Dark Phoenix
289,Dark X-Men
290,Darkhawk
291,Darkstar
292,Darwin
293,Dazzler
294,Dazzler (Ultimate)
295,Deacon Frost
296,Dead Girl
297,Deadpool
298,Deadpool (Deadpool)
299,Deadpool (LEGO Marvel Super Heroes)
300,Deadpool (X-Men: Battle of the Atom)
301,Death
302,Deathbird
303,Deathcry
304,Deathlok
305,Deathstrike (Ultimate)
306,Debra Whitman
307,Debrii
308,Deena Pilgrim
309,Defenders
310,Demogoblin
311,Destiny
312,Detective Soap
313,Deviants
314,Devil Dinosaur (Devil Dinosaur)
315,Devil Dinosaur (HAS)
316,Devos
317,Dexter Bennett
318,Diablo
319,Diamondback (Rachel Leighton)
320,Dinah Soar
321,Dirk Anger
322,Doc Samson
323,Doctor Doom
324,Doctor Doom (Ultimate)
325,Doctor Faustus
326,Doctor Octopus
327,Doctor Octopus (Ultimate)
328,Doctor Spectrum
329,Doctor Strange
330,Doctor Strange (Ultimate)
331,Dog Brother #1
332,Domino
333,Donald Blake
334,Doomsday Man
335,Doop
336,Doorman
337,Dorian Gray
338,Dormammu
339,Dormammu (Ultimate)
340,Dr. Strange (Marvel: Avengers Alliance)
341,Dracula
342,Dragon Lord
343,Dragon Man
344,Drax
345,Dreadnoughts
346,Dreaming Celestial
347,Druig
348,Dum Dum Dugan
349,Dust
350,Earthquake
351,Echo
352,Eddie Brock
353,Eddie Lau
354,"Edward ""Ted"" Forrester"
355,Edwin Jarvis
356,Ego
357,Electro
358,Electro (Ultimate)
359,Elektra
360,Elektra (Ultimate)
361,Elements of Doom
362,Elite
363,Elixir
364,Elloe Kaifi
365,Elsa Bloodstone
366,Emma Frost
367,Empath
368,Emplate
369,Enchantress (Amora)
370,Enchantress (Sylvie Lushton)
371,Ender Wiggin
372,Energizer
373,Epoch
374,Erik the Red
375,Eternals
376,Eternity
377,Excalibur
378,Exiles
379,Exodus
380,Expediter
381,Ezekiel
382,Ezekiel Stane
383,Fabian Cortez
384,Falcon
385,Falcon/Sam Wilson (MAA)
386,Fallen One
387,Famine
388,Fantastic Four
389,Fantastic Four (Ultimate)
390,Fantastick Four
391,Fantomex
392,Fat Cobra
393,Felicia Hardy
394,Fenris
395,Feral
396,Fin Fang Foom
397,Firebird
398,Firebrand
399,Firedrake
400,Firelord
401,Firestar
402,Firestar (Ultimate)
403,Fixer (Paul Norbert Ebersol)
404,Flatman
405,Flying Dutchman
406,Foggy Nelson
407,Force Works
408,Forearm
409,Forge
410,Forge (Ultimate)
411,Forgotten One
412,Frank Castle
413,Frankenstein's Monster
414,Franklin Richards
415,Franklin Storm
416,Freak
417,Frightful Four
418,Frog Thor
419,Frog-Man
420,Gabe Jones
421,Galactus
422,Galia
423,Gambit
424,Gamma Corps
425,Gamora
426,Gamora (Marvel War of Heroes)
427,Gargoyle
428,Gargoyle (Yuri Topolov)
429,Garia
430,Garrison Kane
431,Gateway
432,Gauntlet (Joseph Green)
433,Geiger
434,Gene Sailors
435,Generation X
436,Genesis
437,Genis-Vell
438,George Stacy (Ultimate)
439,Gertrude Yorkes
440,Ghost Rider (Daniel Ketch)
441,Ghost Rider (Johnny Blaze)
442,Ghost Rider (Marvel War of Heroes)
443,Giant Girl
444,Giant Man
445,Giant-dok
446,Giant-Man (Ultimate)
447,Gideon
448,Git Hoskins
449,Gladiator (Kallark)
450,Gladiator (Melvin Potter)
451,Glenn Talbot
452,Glorian
453,Goblin Queen
454,Golden Guardian
455,Goliath (Bill Foster)
456,Gorgon
457,Gorilla Man
458,Grandmaster
459,Gravity
460,Great Lakes Avengers
461,Green Goblin (Barry Norman Osborn)
462,Green Goblin (Harry Osborn)
463,Green Goblin (Ultimate)
464,Gressill
465,Grey Gargoyle
466,Greymalkin
467,Grim Reaper
468,Groot
469,Guardian
470,Guardians of the Galaxy
471,Guardsmen
472,Gunslinger
473,GW Bridge
474,Gwen Stacy
475,Gwen Stacy (Ultimate)
476,H.A.M.M.E.R.
477,H.E.R.B.I.E.
478,Hairball
479,Half-Life (Tony Masterson)
480,Hammerhead
481,Hammerhead (Ultimate)
482,Hank Pym
483,Hannibal King
484,Happy Hogan
485,Hardball
486,Harley Davidson Cooper
487,Harpoon
488,Harrier
489,Harry Heck
490,Harry Osborn
491,Harry Osborn (Ultimate)
492,Hate-Monger (Adolf Hitler)
493,Havok
494,Hawkeye
495,Hawkeye (Kate Bishop)
496,Hawkeye (Marvel Heroes)
497,Hawkeye (Ultimate)
498,Hawkeye/Clint Barton (MAA)
499,Hedge Knight
500,Hellcat (Patsy Walker)
501,Hellfire Club
502,Hellfire Club (Ultimate)
503,Hellion
504,Hellions (Squad)
505,Hemingway
506,Henry Peter Gyrich
507,Hepzibah
508,Hercules
509,Heroes For Hire
510,Hex
511,High Evolutionary
512,Hindsight Lad
513,Hiroim
514,Hitman
515,Hitomi Sakuma
516,Hobgoblin (Jason Macendale)
517,Hobgoblin (Robin Borne)
518,Hobgoblin (Roderick Kingsley)
519,Holocaust (Age of Apocalypse)
520,Holy
521,Hope Summers
522,Howard Saint
523,Howard The Duck
524,Hulk
525,Hulk (HAS)
526,Hulk (LEGO Marvel Super Heroes)
527,Hulk (Marvel Zombies)
528,Hulk (Marvel: Avengers Alliance)
529,Hulk (Ultimate)
530,Hulk-dok
531,Hulk/Bruce Banner (MAA)
532,Hulkling
533,Human Cannonball
534,Human Fly (Richard Deacon)
535,Human Robot
536,Human Torch
537,Human Torch (Jim Hammond)
538,Human Torch (Ultimate)
539,Humbug
540,Husk
541,Hussar
542,Hydra
543,Hydro-Man
544,Hyperion (Earth-712)
545,Hypno-Hustler
546,Iceman
547,Iceman (Ultimate)
548,Iceman (X-Men: Battle of the Atom)
549,Ikaris
550,Illuminati
551,Ilyana Rasputin
552,Imp
553,Imperfects
554,Imperial Guard
555,Impossible Man
556,In-Betweener
557,Inertia
558,Infant Terrible
559,Inhumans
560,Ink
561,Invaders
562,Invisible Woman
563,Invisible Woman (Marvel: Avengers Alliance)
564,Invisible Woman (Ultimate)
565,Iron Cross Army
566,Iron Fist (Bei Bang-Wen)
567,Iron Fist (Danny Rand)
568,Iron Fist (Orson Randall)
569,Iron Fist (Quan Yaozu)
570,Iron Fist (USM)
571,Iron Fist (Wu Ao-Shi)
572,Iron Lad
573,Iron Man
574,Iron Man (Iron Man 3 - The Official Game)
575,Iron Man (LEGO Marvel Super Heroes)
576,Iron Man (Marvel Heroes)
577,Iron Man (Marvel War of Heroes)
578,Iron Man (Ultimate)
579,Iron Man/Tony Stark (MAA)
580,Iron Monger
581,Iron Patriot
582,Iron Patriot (James Rhodes)
583,Ironclad
584,J. Jonah Jameson
585,Jack Flag
586,Jack Murdock
587,Jack O' Lantern
588,Jack Power
589,Jackal
590,Jackpot
591,James Buchanan Barnes
592,James Howlett
593,Jamie Braddock
594,Jane Foster
595,"Janus, the Nega-Man"
596,Jasper Sitwell
597,Jazinda
598,Jean Grey
599,Jean Grey
600,Jean Grey (Ultimate)
601,Jennifer Smith
602,Jeryn Hogarth
603,Jessica Drew
604,Jessica Jones
605,Jetstream
606,Jigsaw
607,Jimmy Woo
608,Joan the Mouse
609,Jocasta
610,John Farson
611,John Jameson
612,John Porter
613,John Wraith
614,Johnny Blaze
615,Johnny Storm
616,Joseph
617,Joshua Kane
618,Josiah X
619,Joystick
620,Jubilee
621,Jubilee (Age of Apocalypse)
622,Juggernaut
623,Jule Carpenter
624,Julian Keller
625,Junta
626,Justice
627,Justin Hammer
628,Ka-Zar
629,Kabuki
630,Kang
631,Karen O'Malley
632,Karen Page
633,Karma
634,Karnak
635,Karolina Dean 
636,Kat Farrell
637,Kate Bishop
638,Katie Power
639,Ken Ellis
640,Khan
641,Kid Colt
642,Killer Shrike
643,Killmonger
644,Killraven
645,King Bedlam
646,King Cobra
647,Kingpin
648,Kinsey Walden
649,Kitty Pryde
650,Kitty Pryde (X-Men: Battle of the Atom)
651,Klaw
652,Komodo (Melati Kusuma)
653,Korath
654,Korg
655,Korvac
656,Kraven the Hunter
657,Kree
658,Krista Starr
659,Kronos
660,Kulan Gath
661,Kylun
662,La Nuit
663,Lady Bullseye
664,Lady Deathstrike
665,Lady Mastermind
666,Lady Ursula
667,Lady Vermin
668,Lake
669,Landau
670,Lava-Man
671,Layla Miller
672,Leader
673,Leech
674,Legion
675,"Lei Kung, The Thunderer"
676,Lenny Balinger
677,Leo (Zodiac)
678,Leopardon
679,Leper Queen
680,Lester
681,Lethal Legion
682,Lieutenant Marcus Stone
683,Lifeguard
684,Lightning Lords of Nepal
685,Lightspeed
686,Lila Cheney
687,Lilandra
688,Lilith
689,Lily Hollister
690,Lionheart
691,Living Lightning
692,Living Mummy
693,Living Tribunal
694,Liz Osborn
695,Lizard
696,Lizard (Ultimate)
697,Loa
698,Lockheed
699,Lockjaw
700,Logan
701,Loki
702,Loki (LEGO Marvel Super Heroes)
703,Loners
704,Longshot
705,Longshot (Ultimate)
706,Lord Hawal
707,Lord Tyger
708,Lords of Avalon
709,Lorna Dane
710,Luckman
711,Lucky Pierre
712,Lucy in the Sky
713,Luke Cage
714,Luminals
715,Lyja
716,M (Monet St. Croix)
717,M.O.D.A.M.
718,M.O.D.O.G.
719,M.O.D.O.K.
720,M.O.D.O.K. (Iron Man 3 - The Official Game)
721,Ma Gnuci
722,Mac Gargan
723,Mach IV
724,Machine Man
725,Mad Thinker
726,Madame Hydra
727,Madame Masque
728,Madame Web (Julia Carpenter)
729,Maddog
730,Madelyne Pryor
731,Madripoor
732,Madrox
733,Maelstrom
734,Maestro
735,Magdalene
736,Maggott
737,Magik (Amanda Sefton)
738,Magik (Illyana Rasputin)
739,Maginty
740,Magma (Amara Aquilla)
741,Magneto
742,Magneto (Age of Apocalypse)
743,Magneto (House of M)
744,Magneto (Ultimate)
745,Magneto (X-Men: Battle of the Atom)
746,Magus (Adam Warlock)
747,Magus (Technarch)
748,Major Mapleleaf
749,Makkari
750,Malcolm Colcord
751,Malice (Earth-161)
752,Man-Thing
753,Man-Wolf
754,Mandarin
755,Mandrill
756,Mandroid
757,Manta
758,Mantis
759,Marauders
760,Marcus Van Sciver
761,Maria Hill
762,Mariko Yashida
763,Marrow
764,Marten Broadcloak
765,Martin Li
766,Marvel Apes
767,Marvel Boy
768,Marvel Zombies
769,Marvex
770,Mary Jane Watson
771,Mary Jane Watson (House of M)
772,Mary Jane Watson (Ultimate)
773,Masked Marvel (Unrevealed)
774,Masque
775,Master Chief
776,Master Mold
777,Mastermind
778,Masters of Evil
779,Mathemanic
780,Matsu'o Tsurayaba
781,Matthew Murdock
782,Mattie Franklin
783,Mauler
784,Maverick (Chris Bradley)
785,Maverick (Christoph Nord)
786,Maximus
787,May Parker
788,Medusa
789,Meggan
790,Meltdown
791,Menace
792,Mentallo
793,Mentor
794,Mephisto
795,Mephistopheles
796,Mercury
797,Mesmero
798,Metal Master
799,Meteorite
800,MI: 13
801,Micro/Macro
802,Microbe
803,Microchip
804,Micromax
805,Midnight (Earth-811)
806,Miek
807,Mikhail Rasputin
808,Millenium Guard
809,Millie the Model
810,Mimic
811,Mindworm
812,Miracleman
813,Miss America
814,Mister Fear
815,Mister Sinister
816,Mister Sinister (Deadpool)
817,Mister Sinister (House of M)
818,Mister Sinister (Ultimate)
819,Misty Knight
820,Mockingbird
821,Moira MacTaggert
822,Moira MacTaggert (Ultimate)
823,Mojo
824,Mole Man
825,Molecule Man
826,Molly Hayes
827,Molly Von Richtofen
828,Molten Man
829,Mongoose
830,Mongu (Unrevealed)
831,Monster Badoon
832,Moon Girl (Lunella Layfayette)
833,Moon Knight
834,Moon Knight (House of M)
835,Moon Knight (Ultimate)
836,Moondragon
837,Moonstone
838,Morbius
839,Mordo
840,Morg
841,Morgan Stark
842,Morlocks
843,Morlun
844,Morph
845,Mother Askani
846,Mr. Bumpo
847,Mr. Fantastic
848,Mr. Fantastic (Ultimate)
849,Mr. Fish
850,Mr. Fixit
851,Mr. Hyde
852,Mr. Immortal
853,Mr. Meugniot
854,Mr. Negative
855,Mr. Payback
856,Mr. X
857,Ms. Marvel (Kamala Khan)
858,MS2
859,Mulholland Black
860,Multiple Man
861,MVP
862,Mysterio
863,Mysterio (Daniel Berkhart)
864,Mysterio (Francis Klum)
865,Mystique
866,Mystique (Age of Apocalypse)
867,Mystique (House of M)
868,Mystique (Ultimate)
869,Nakia (Nakia)
870,Namor
871,Namora
872,Namorita
873,Naoko
874,Natasha Romanoff
875,Nebula
876,Nehzno
877,Nekra
878,Nemesis
879,Network
880,New Goblin
881,New Mutants
882,New Warriors
883,New X-Men
884,Newton Destine
885,Next Avengers
886,Nextwave
887,Nick Fury
888,Nick Fury (LEGO Marvel Super Heroes)
889,Nick Fury (Ultimate)
890,Nico Minoru
891,Nicolaos
892,Night Nurse (Earth-9997)
893,Night Thrasher
894,Night Thrasher (Dwayne Taylor)
895,Nightcrawler
896,Nightcrawler (Ultimate)
897,Nighthawk
898,Nightmare
899,Nightshade
900,Nine-Fold Daughters of Xao
901,Nitro
902,Nocturne
903,Nomad
904,Nomad (Rikki Barnes)
905,Nomad (Steve Rogers)
906,Norman Osborn
907,Norrin Radd
908,Northstar
909,Nova
910,Nova (Frankie Raye)
911,Nova (Sam Alexander)
912,Nova (USM)
913,Nuke
914,Obadiah Stane
915,Odin
916,Ogun
917,Okoye
918,Old Lace
919,Omega Flight
920,Omega Red
921,Omega Sentinel
922,Omega the Unknown
923,Onslaught
924,Onslaught (Ultimate)
925,Oracle
926,Ord
927,Orphan
928,Orphan-Maker
929,Otto Octavius
930,Outlaw Kid
931,Overlord
932,Owl
933,Ozymandias
934,Paibok
935,Paladin
936,Pandemic
937,Paper Doll
938,Patch
939,Patriot
940,Payback
941,Penance (Robert Baldwin)
942,Pepper Potts
943,Pestilence
944,Pet Avengers
945,Pete Wisdom
946,Peter Parker
947,Peter Quill
948,Phalanx
949,Phantom Reporter
950,Phil Coulson (Phil Coulson)
951,Phil Sheldon
952,Photon
953,Phyla-Vell
954,Piledriver
955,Pip
956,Pixie
957,Plazm
958,Polaris
959,Post
960,Power Man (USM)
961,Power Pack
962,Praxagora
963,Preak
964,Pretty Boy
965,Pride
966,Prima
967,Prince of Orphans
968,Princess Powerful
969,Prism
970,Prodigy
971,Proemial Gods
972,Professor Monster
973,Professor X
974,Professor X (Ultimate)
975,Proteus
976,Proteus (House of M)
977,Proteus (Ultimate)
978,Proudstar
979,Prowler
980,Prowler (Rick Lawson)
981,Psycho-Man
982,Psylocke
983,PsyNapse
984,Puck
985,Puck (Zuzha Yu)
986,Puff Adder
987,pug
988,Puma
989,Punisher
990,Punisher (2099)
991,Punisher (Marvel: Avengers Alliance)
992,Puppet Master
993,Purifiers
994,Purple Man
995,Pyro
996,Quake (Daisy Johnson)
997,Quasar (Phyla-Vell)
998,Quasar (Wendell Vaughn)
999,Quasimodo
1000,Queen Noir
1001,Quentin Quire
1002,Quicksilver
1003,Quicksilver (Age of Apocalypse)
1004,Quicksilver (Ultimate)
1005,Rachel Grey
1006,Radioactive Man
1007,Rafael Vega
1008,Rage
1009,Raider
1010,Randall
1011,Randall Flagg
1012,Random
1013,Rattler
1014,Ravenous
1015,Rawhide Kid
1016,Raza
1017,Reaper
1018,Reavers
1019,Reavers (Ultimate)
1020,Red 9
1021,Red Ghost
1022,Red Ghost (Ultimate)
1023,Red Hulk
1024,Red Hulk (HAS)
1025,Red She-Hulk
1026,Red Shift
1027,Red Skull
1028,Red Skull (Albert Malik)
1029,Red Wolf
1030,Redwing
1031,Reptil
1032,Retro Girl
1033,Revanche
1034,Rhino
1035,Rhodey
1036,Richard Fisk
1037,Rick Jones
1038,Rick Jones (Ultimate)
1039,Ricochet
1040,Rictor
1041,Riptide
1042,Risque
1043,Robbie Robertson
1044,Robert Baldwin 
1045,Robin Chapel
1046,Rocket Raccoon
1047,Rocket Raccoon (Marvel Heroes)
1048,Rocket Racer
1049,Rockslide
1050,Rogue
1051,Rogue (Age of Apocalypse)
1052,Rogue (Deadpool)
1053,Rogue (Ultimate)
1054,Rogue (X-Men: Battle of the Atom)
1055,Roland Deschain
1056,Romulus
1057,Ronan
1058,Roughhouse
1059,Roulette
1060,Roxanne Simpson
1061,Rumiko Fujikawa
1062,Runaways
1063,Russian
1064,S.H.I.E.L.D.
1065,Sabra
1066,Sabretooth
1067,Sabretooth (Age of Apocalypse)
1068,Sabretooth (House of M)
1069,Sabretooth (Ultimate)
1070,Sage
1071,Salem's Seven (Ultimate)
1072,Sally Floyd
1073,Salo
1074,Sandman
1075,Santa Claus
1076,Saracen (Muzzafar Lambert)
1077,Sasquatch (Walter Langkowski)
1078,Satana
1079,Sauron
1080,Scalphunter
1081,Scarecrow (Ebenezer Laughton)
1082,Scarlet Spider (Ben Reilly)
1083,Scarlet Spider (Kaine)
1084,Scarlet Witch
1085,Scarlet Witch (Age of Apocalypse)
1086,Scarlet Witch (Marvel Heroes)
1087,Scarlet Witch (Ultimate)
1088,Scorpion (Carmilla Black)
1089,Scorpion (Ultimate)
1090,Scourge
1091,Scrambler
1092,Scream (Donna Diego)
1093,Screwball
1094,Sebastian Shaw
1095,Secret Warriors
1096,Selene
1097,Senator Kelly
1098,Sentinel
1099,Sentinels
1100,Sentry (Robert Reynolds)
1101,Ser Duncan
1102,Serpent Society
1103,Sersi
1104,Shadow King
1105,Shadow King (Age of Apocalypse)
1106,Shadowcat
1107,Shadowcat (Age of Apocalypse)
1108,Shadowcat (Ultimate)
1109,Shadu the Shady
1110,Shalla-bal
1111,Shaman
1112,Shane Yamada-Jones
1113,Shang-Chi
1114,Shang-Chi (Ultimate)
1115,Shanna the She-Devil
1116,Shape
1117,Shard
1118,Sharon Carter
1119,Sharon Ventura
1120,Shatterstar
1121,She-Hulk (HAS)
1122,She-Hulk (Jennifer Walters)
1123,She-Hulk (Lyra)
1124,She-Hulk (Marvel War of Heroes)
1125,She-Hulk (Ultimate)
1126,Shen
1127,Sheva Callister
1128,Shi'Ar
1129,Shinko Yamashiro
1130,Shinobi Shaw
1131,Shiva
1132,Shiver Man
1133,Shocker (Herman Schultz)
1134,Shockwave
1135,Shooting Star
1136,Shotgun
1137,Shriek
1138,Sif
1139,Silhouette
1140,Silk Fever
1141,Silver Centurion
1142,Silver Fox
1143,Silver Sable
1144,Silver Samurai
1145,Silver Samurai (Age of Apocalypse)
1146,Silver Surfer
1147,Silverclaw
1148,Silvermane
1149,Sin
1150,Sinister Six
1151,Sir Ram
1152,Siren (Earth-93060)
1153,Sister Grimm
1154,Skaar
1155,Skaar (HAS)
1156,Skin
1157,Skreet
1158,Skrulls
1159,Skrulls (Ultimate)
1160,Skullbuster (Cylla Markham)
1161,Slapstick
1162,Slayback
1163,Sleeper
1164,Sleepwalker
1165,Slipstream
1166,Slyde
1167,Smasher (Vril Rokk)
1168,Smiling Tiger
1169,Snowbird
1170,Solo (James Bourne)
1171,Songbird
1172,Sons of the Tiger
1173,Spacker Dave
1174,Spectrum
1175,Speed
1176,Speed Demon
1177,Speedball (Robert Baldwin)
1178,Spencer Smythe
1179,Sphinx (Anath-Na Mut)
1180,Spider-dok
1181,Spider-Girl (Anya Corazon)
1182,Spider-Girl (May Parker)
1183,Spider-Gwen (Spider-Gwen)
1184,Spider-Ham (Larval Earth)
1185,Spider-Man
1186,Spider-Man (1602)
1187,Spider-Man (2099)
1188,Spider-Man (Ai Apaec)
1189,Spider-Man (Ben Reilly)
1190,Spider-Man (House of M)
1191,Spider-Man (LEGO Marvel Super Heroes)
1192,Spider-Man (Marvel Zombies)
1193,Spider-Man (Marvel: Avengers Alliance)
1194,Spider-Man (Miles Morales)
1195,Spider-Man (Noir)
1196,Spider-Man (Takuya Yamashiro)
1197,Spider-Man (Ultimate)
1198,Spider-Woman (Charlotte Witter)
1199,Spider-Woman (Jessica Drew)
1200,Spider-Woman (Mattie Franklin)
1201,Spiral (Rita Wayword)
1202,Spirit
1203,Spitfire
1204,Spot
1205,Sprite
1206,Spyke
1207,Squadron Sinister
1208,Squadron Supreme (Earth-712)
1209,Squirrel Girl
1210,Stacy X
1211,Stacy X (Ultimate)
1212,Star Brand
1213,Star-Lord (Peter Quill)
1214,Starbolt
1215,Stardust
1216,Starfox
1217,Starhawk (Stakar Ogord)
1218,Starjammers
1219,Stark Industries
1220,Stature
1221,Steel Serpent (Davos)
1222,Stellaris
1223,Stepford Cuckoos
1224,Stephanie de la Spiroza
1225,Stephen Strange
1226,Steve Rogers
1227,Stick
1228,Stilt-Man (Wibur Day)
1229,Stingray (Walter Newell)
1230,Stone Men
1231,Storm
1232,Storm (Age of Apocalypse)
1233,Storm (Marvel Heroes)
1234,Storm (Ultimate)
1235,Stranger
1236,Strong Guy
1237,Stryfe
1238,Stryfe (Ultimate)
1239,Sub-Mariner
1240,Sue Storm
1241,Sugar Man
1242,Sumo
1243,Sunfire
1244,Sunfire (Age of Apocalypse)
1245,Sunset Bain
1246,Sunspot
1247,Super Hero Squad
1248,Super-Adaptoid
1249,Super-Skrull
1250,Supernaut
1251,Supreme Intelligence
1252,Surge
1253,Susan Delgado
1254,Swarm
1255,Sway
1256,Switch
1257,Swordsman
1258,Swordsman (Jaques Duquesne)
1259,Sym
1260,Synch
1261,T'Challa
1262,Tag
1263,Talisman (Elizabeth Twoyoungmen)
1264,Talkback (Chase Stein)
1265,Talon (Fraternity of Raptors)
1266,Talos
1267,Tana Nile
1268,Tarantula (Luis Alvarez)
1269,Tarot
1270,Taskmaster
1271,Tattoo
1272,Ted Forrester
1273,Tempest
1274,Tenebrous
1275,Terrax
1276,Terror
1277,Texas Twister
1278,Thaddeus Ross
1279,Thanos
1280,Thanos (Ultimate)
1281,The 198
1282,The Anarchist
1283,The Call
1284,The Captain
1285,The Enforcers
1286,The Executioner
1287,The Fallen
1288,The Fury
1289,The Hand
1290,The Hood
1291,The Howling Commandos
1292,The Hunter
1293,The Initiative
1294,The Leader (HAS)
1295,The Liberteens
1296,The Liberty Legion
1297,The Order
1298,The Phantom
1299,The Professor
1300,The Renegades
1301,The Santerians
1302,The Shiver Man
1303,The Spike
1304,The Stranger
1305,The Twelve
1306,The Watchers
1307,Thena
1308,Thing
1309,Thing (Marvel Heroes)
1310,Thing (Ultimate)
1311,Thor
1312,Thor (Goddess of Thunder)
1313,Thor (MAA)
1314,Thor (Marvel Heroes)
1315,Thor (Marvel War of Heroes)
1316,Thor (Marvel: Avengers Alliance)
1317,Thor (Ultimate)
1318,Thor Girl
1319,Thunderball
1320,Thunderbird (John Proudstar)
1321,Thunderbird (Neal Shaara)
1322,Thunderbolt (Bill Carver)
1323,Thunderbolt Ross
1324,Thunderbolts
1325,Thundra
1326,Tiger Shark
1327,Tiger's Beautiful Daughter
1328,Tigra (Greer Nelson)
1329,Timeslip
1330,Tinkerer
1331,Tippy Toe
1332,Titania
1333,Titanium Man (Topolov)
1334,Toad
1335,Toad Men
1336,Tomas
1337,Tombstone
1338,Tomorrow Man
1339,Tony Stark
1340,Toro (Thomas Raymond)
1341,Toxin
1342,Toxin (Eddie Brock)
1343,Trauma
1344,Triathlon
1345,Trish Tilby
1346,Triton
1347,True Believers
1348,Turbo
1349,Tusk
1350,Two-Gun Kid
1351,Tyger Tiger
1352,Typhoid Mary
1353,Tyrannus
1354,U-Foes
1355,U-Go Girl
1356,U.S. Agent
1357,Uatu The Watcher
1358,Ulik
1359,Ultimate Spider-Man (USM)
1360,Ultimates
1361,Ultimatum
1362,Ultimo
1363,Ultra-Adaptoid
1364,Ultragirl (Earth-93060)
1365,Ultron
1366,Umar
1367,Unicorn
1368,Union Jack (Brian Falsworth)
1369,Union Jack (Joseph Chapman)
1370,Union Jack (Montgomery Falsworth)
1371,Unus
1372,Unus (Age of Apocalypse)
1373,Unus (House of M)
1374,Unus (Ultimate)
1375,Valeria Richards
1376,Valkyrie (Samantha Parrington)
1377,Valkyrie (Ultimate)
1378,Vampiro
1379,Vance Astro
1380,Vanisher (Age of Apocalypse)
1381,Vanisher (Telford Porter)
1382,Vanisher (Ultimate)
1383,Vapor
1384,Vargas
1385,Vector
1386,Veda
1387,Vengeance (Michael Badilino)
1388,Venom (Flash Thompson)
1389,Venom (Mac Gargan)
1390,Venom (Ultimate)
1391,Venus (Siren)
1392,Venus Dee Milo
1393,Vermin (Edward Whelan)
1394,Vertigo (Savage Land Mutate)
1395,Victor Mancha
1396,Victor Von Doom
1397,Vin Gonzales
1398,Vindicator
1399,Violations
1400,Viper
1401,Virginia Dare
1402,Vision
1403,Vivisector
1404,Vulcan (Gabriel Summers)
1405,Vulture (Adrian Toomes)
1406,Vulture (Blackie Drago)
1407,Wallflower
1408,Wallop
1409,Wallow
1410,War (Abraham Kieros)
1411,War Machine (Iron Man 3 - The Official Game)
1412,War Machine (Marvel: Avengers Alliance)
1413,War Machine (Parnell Jacobs)
1414,War Machine (Ultimate)
1415,Warbird
1416,Warbound
1417,Warhawk (Mitchell Tanner)
1418,Warlock (Janie Chin)
1419,Warlock (Technarchy)
1420,Warpath
1421,Warren Worthington III
1422,Warstar
1423,Wasp
1424,Wasp (Ultimate)
1425,Weapon Omega
1426,Weapon X
1427,Wendell Rand
1428,Wendell Vaughn
1429,Wendigo
1430,Werewolf By Night
1431,Whiplash (Mark Scarlotti)
1432,Whirlwind
1433,Whistler
1434,White Queen (Adrienne Frost)
1435,White Tiger (Angela Del Toro)
1436,White Tiger (USM)
1437,Whizzer (Stanley Stewart)
1438,Wiccan
1439,Wild Child
1440,Wild Child (Age of Apocalypse)
1441,Wild Pack
1442,Wildside
1443,William Stryker
1444,Wilson Fisk
1445,Wind Dancer
1446,Winter Soldier
1447,Wither
1448,Wolf Cub
1449,Wolfpack
1450,Wolfsbane
1451,Wolfsbane (Age of Apocalypse)
1452,Wolver-dok
1453,Wolverine
1454,Wolverine (LEGO Marvel Super Heroes)
1455,Wolverine (Marvel War of Heroes)
1456,Wolverine (Ultimate)
1457,Wolverine (X-Men: Battle of the Atom)
1458,Wonder Man
1459,Wong
1460,Wong (Ultimate)
1461,Wraith
1462,Wrecker
1463,Wrecking Crew
1464,X-23
1465,X-51
1466,X-Babies
1467,X-Cutioner
1468,X-Factor
1469,X-Factor Investigations
1470,X-Force
1471,X-Man
1472,X-Men
1473,X-Men (Ultimate)
1474,X-Ray (James Darnell)
1475,X-Statix
1476,X.S.E.
1477,Xavin
1478,Xorn (Kuan-Yin Xorn)
1479,Yellow Claw
1480,Yellowjacket (Rita DeMara)
1481,Young Avengers
1482,Young X-Men
1483,Zaladane
1484,Zaran
1485,Zarda
1486,Zarek
1487,Zeigeist
1488,Zemo
1489,Zodiak
1490,Zombie (Simon Garth)
1491,Zuras
1492,Zzzax
